{
  "阪神": {
    "league": "CL",
    "p_pennant": 0.7816,
    "p_cs": 0.9783,
    "median_wins": 80.63386769982364,
    "mean_wins": 80.71254669164897,
    "wins_80ci": [
      75.08573407481875,
      86.50280056188853
    ]
  },
  "広島": {
    "league": "CL",
    "p_pennant": 0.0326,
    "p_cs": 0.3815,
    "median_wins": 70.4747955795665,
    "mean_wins": 70.55081685398919,
    "wins_80ci": [
      65.44208424292248,
      75.6920848282935
    ]
  },
  "DeNA": {
    "league": "CL",
    "p_pennant": 0.0406,
    "p_cs": 0.5239,
    "median_wins": 71.77837582214278,
    "mean_wins": 71.86168908732382,
    "wins_80ci": [
      67.08351370596026,
      76.6868089172605
    ]
  },
  "巨人": {
    "league": "CL",
    "p_pennant": 0.1265,
    "p_cs": 0.7841,
    "median_wins": 74.44896291020967,
    "mean_wins": 74.5325984490056,
    "wins_80ci": [
      69.70336450119264,
      79.4030176847455
    ]
  },
  "中日": {
    "league": "CL",
    "p_pennant": 0.0185,
    "p_cs": 0.3077,
    "median_wins": 69.77985330437107,
    "mean_wins": 69.86445260188533,
    "wins_80ci": [
      65.01306933902116,
      74.89205613085358
    ]
  },
  "ヤクルト": {
    "league": "CL",
    "p_pennant": 0.0002,
    "p_cs": 0.0245,
    "median_wins": 64.24636270971925,
    "mean_wins": 64.35350708818883,
    "wins_80ci": [
      60.245100817305385,
      68.58725217693764
    ]
  },
  "ソフトバンク": {
    "league": "PL",
    "p_pennant": 0.5516,
    "p_cs": 0.9376,
    "median_wins": 77.57214565818816,
    "mean_wins": 77.60146616483405,
    "wins_80ci": [
      72.33879379920582,
      82.84873385755398
    ]
  },
  "日本ハム": {
    "league": "PL",
    "p_pennant": 0.2377,
    "p_cs": 0.815,
    "median_wins": 74.72437617094613,
    "mean_wins": 74.7883287207218,
    "wins_80ci": [
      69.55401424628643,
      80.14027375511574
    ]
  },
  "楽天": {
    "league": "PL",
    "p_pennant": 0.0019,
    "p_cs": 0.0415,
    "median_wins": 65.19936312990183,
    "mean_wins": 65.30797202207637,
    "wins_80ci": [
      61.03450193505379,
      69.62427567517152
    ]
  },
  "オリックス": {
    "league": "PL",
    "p_pennant": 0.1539,
    "p_cs": 0.74,
    "median_wins": 73.56024517290348,
    "mean_wins": 73.62741947349033,
    "wins_80ci": [
      68.75916306321149,
      78.58493244239082
    ]
  },
  "ロッテ": {
    "league": "PL",
    "p_pennant": 0.0031,
    "p_cs": 0.0676,
    "median_wins": 66.01907799565342,
    "mean_wins": 66.066527280642,
    "wins_80ci": [
      61.65631018653027,
      70.51962059869292
    ]
  },
  "西武": {
    "league": "PL",
    "p_pennant": 0.0518,
    "p_cs": 0.3983,
    "median_wins": 70.54404902241757,
    "mean_wins": 70.63321888812797,
    "wins_80ci": [
      65.70088742255213,
      75.59798249855527
    ]
  }
}