{
  "version": "v2",
  "generated": "2026-03-07T08:04:16.706413",
  "league_index": {
    "MLB": 1,
    "AAA": 2,
    "Other": 3
  },
  "hitter": {
    "params": {
      "beta_woba_MLB": {
        "mean": -0.0003993811516838287,
        "sd": 0.006092153408119723
      },
      "beta_woba_AAA": {
        "mean": 0.012580171951814762,
        "sd": 0.0143411568875243
      },
      "beta_woba_Other": {
        "mean": 0.008237748665647946,
        "sd": 0.013772074886267362
      },
      "beta_K": {
        "mean": 0.005401063535680862,
        "sd": 0.005124398395180409
      },
      "beta_BB": {
        "mean": -0.0011151355344923926,
        "sd": 0.005504722794332292
      },
      "beta_woba_sq": {
        "mean": 0.005669947383698075,
        "sd": 0.0031636041997582394
      },
      "beta_K_BB": {
        "mean": 0.011274111814187875,
        "sd": 0.005333678549358846
      },
      "beta_age": {
        "mean": -0.0020301504293024374,
        "sd": 0.004555355761477766
      },
      "beta_catcher": {
        "mean": 4.5854389315883715e-05,
        "sd": 0.030118731986852814
      },
      "beta_middle_inf": {
        "mean": -0.003102776617424813,
        "sd": 0.014154739646139246
      },
      "beta_second_year": {
        "mean": 0.009687341880701602,
        "sd": 0.008366914113057683
      },
      "sigma_base": {
        "mean": 0.050827403798375005,
        "sd": 0.0032832027845340643
      },
      "gamma_pa": {
        "mean": -0.11346030761247124,
        "sd": 0.06518824408640934
      }
    },
    "standardization": {
      "woba_mean": 0.2642248062015504,
      "woba_sd": 0.04976662439860884,
      "K_mean": 26.710077519379844,
      "K_sd": 8.984179419343315,
      "BB_mean": 6.24031007751938,
      "BB_sd": 3.2852387587969227,
      "age_mean": 1.3816648891860202,
      "age_sd": 2.262443417109552,
      "log_pa_mean": 4.833549492040172,
      "log_pa_sd": 0.7982409477855512
    }
  },
  "pitcher": {
    "params": {
      "beta_era_MLB": {
        "mean": 0.02968981544605096,
        "sd": 0.1374642107908399
      },
      "beta_era_AAA": {
        "mean": -0.18637548539613907,
        "sd": 0.22511379604158135
      },
      "beta_era_Other": {
        "mean": -0.4554197508490581,
        "sd": 0.41875349383727933
      },
      "beta_fip": {
        "mean": -0.1601006394839925,
        "sd": 0.13167268334378773
      },
      "beta_K": {
        "mean": -0.28663023722609,
        "sd": 0.09632253454156799
      },
      "beta_BB": {
        "mean": 0.147559567147142,
        "sd": 0.09970330179905969
      },
      "beta_era_sq": {
        "mean": 0.006803935694271538,
        "sd": 0.048893991236685065
      },
      "beta_K_BB": {
        "mean": -0.0660687321366025,
        "sd": 0.07204485036412045
      },
      "beta_age": {
        "mean": -0.0035052127940266,
        "sd": 0.08573351350564759
      },
      "beta_reliever": {
        "mean": 0.10324782757383312,
        "sd": 0.14480969053090945
      },
      "beta_second_year": {
        "mean": -0.010410931080832497,
        "sd": 0.14078999540042103
      },
      "sigma_base": {
        "mean": 1.3058551129375,
        "sd": 0.07648647829515029
      },
      "gamma_ip": {
        "mean": 0.17610419102308747,
        "sd": 0.060286297137929504
      }
    },
    "standardization": {
      "era_mean": 5.946540880503145,
      "era_sd": 2.163107474547206,
      "fip_mean": 5.222955974842767,
      "fip_sd": 1.4514584092508667,
      "K_mean": 19.221383647798742,
      "K_sd": 4.735326422171176,
      "BB_mean": 9.757861635220127,
      "BB_sd": 3.5226202305998426,
      "age_mean": 1.2011803752921881,
      "age_sd": 2.4685670565090634,
      "log_ip_mean": 3.376337619632769,
      "log_ip_sd": 0.6061433284691448
    }
  }
}