{
  "baseline_mae": 0.03374730088456658,
  "raw_cf_mae": 0.1233806715269118,
  "bayes_mae": 0.03637487822249444,
  "w_median": 0.12946701448010228,
  "cf_mu_median": 1.6369986681385742,
  "n_test": 38,
  "coverage_80": 0.8157894736842105,
  "coverage_95": 1.0
}