{
  "hitter": {
    "mae_marcel": 0.0378,
    "mae_stan": 0.0378,
    "delta_mae": 0.0001,
    "delta_K": -0.0036,
    "delta_BB": -0.002,
    "delta_BABIP": -0.0057,
    "n_test": 678,
    "feature_means": {
      "K_pct": 0.19469803326594193,
      "BB_pct": 0.08478999831532072,
      "BABIP": 0.2929005127342168
    },
    "feature_stds": {
      "K_pct": 0.05915176194804566,
      "BB_pct": 0.03515405861307282,
      "BABIP": 0.04968757026901422
    }
  },
  "pitcher": {
    "mae_marcel": 0.9368,
    "mae_stan": 0.933,
    "delta_mae": -0.0038,
    "delta_K": -0.1333,
    "delta_BB": -0.0668,
    "n_test": 582,
    "feature_means": {
      "K_pct": 0.20304112145970543,
      "BB_pct": 0.08637173608268964
    },
    "feature_stds": {
      "K_pct": 0.05133268651904123,
      "BB_pct": 0.0276031735109707
    }
  }
}