{
  "hitter": {
    "mae_marcel": 0.0378,
    "mae_stan": 0.0371,
    "delta_mae": -0.0007,
    "delta_K": -0.0048,
    "delta_BB": -0.0005,
    "delta_BABIP": -0.0063,
    "delta_age": -0.0083,
    "n_test": 666,
    "feature_means": {
      "K_pct": 0.19510936445450763,
      "BB_pct": 0.08498703372789418,
      "BABIP": 0.2928774119388999,
      "age_from_peak": 0.5123469820739007
    },
    "feature_stds": {
      "K_pct": 0.05946849481448119,
      "BB_pct": 0.035121055523942755,
      "BABIP": 0.049916234870579224,
      "age_from_peak": 4.254821085548624
    }
  },
  "pitcher": {
    "mae_marcel": 0.9368,
    "mae_stan": 0.9339,
    "delta_mae": -0.0029,
    "delta_K": -0.131,
    "delta_BB": -0.0562,
    "delta_age": 0.065,
    "n_test": 582,
    "feature_means": {
      "K_pct": 0.20304112145970543,
      "BB_pct": 0.08637173608268964,
      "age_from_peak": -0.7088448854362612
    },
    "feature_stds": {
      "K_pct": 0.05133268651904123,
      "BB_pct": 0.0276031735109707,
      "age_from_peak": 4.3712843916265
    }
  }
}