{
  "baseline_mae": 0.7487731962557546,
  "raw_cf_mae": 1.2563122234920943,
  "bayes_mae": 0.7541800680806019,
  "w_median": 0.12039490683149179,
  "cf_mu_median": 0.5911444851300676,
  "n_test": 41,
  "coverage_80": 0.8780487804878049,
  "coverage_95": 0.975609756097561
}