{
  "hitter": {
    "v0_mae": 0.03443931760685176,
    "v0_coverage_80": 0.8780487804878049,
    "v1_mae": 0.03376725134905085,
    "v1_coverage_80": 0.8536585365853658,
    "baseline_mae": 0.035581057497525555,
    "n_test": 41
  },
  "pitcher": {
    "v0_mae": 0.7595009890202611,
    "v0_coverage_80": 0.8636363636363636,
    "v1_mae": 0.7733198569844052,
    "v1_coverage_80": 0.8181818181818182,
    "baseline_mae": 0.7621565072578455,
    "n_test": 44
  }
}