{
  "hitter": {
    "v0_mae": 0.03302436856620036,
    "v0_coverage_80": 0.868421052631579,
    "v1_mae": 0.032473441733969655,
    "v1_coverage_80": 0.8947368421052632,
    "baseline_mae": 0.03374730088456658,
    "n_test": 38
  },
  "pitcher": {
    "v0_mae": 0.7491355860886995,
    "v0_coverage_80": 0.8780487804878049,
    "v1_mae": 0.7357394159963176,
    "v1_coverage_80": 0.8048780487804879,
    "baseline_mae": 0.7487731962557546,
    "n_test": 41
  }
}